type,filename,label,unique_label
ref,00001.png,"(2,8),(3,3),(3,33),(3,36),(3,55),(3,58),(5,4),(3,3),(3,33),(3,36),(3,55),(3,58),(5,3),(5,7),(8,2),(3,3),(3,33),(3,36),(3,55),(3,58),(5,4)","[(3, 33), (3, 36), (5, 4), (3, 55), (5, 7), (3, 58), (3, 3), (5, 3), (8, 2), (2, 8)]"
ref,00001.png,"(2,8),(3,3),(3,33),(3,36),(3,55),(3,58),(5,4),(3,3),(3,33),(3,36),(3,55),(3,58),(5,3),(5,7),(8,2),(3,3),(3,33),(3,36),(3,55),(3,58),(5,4)","[(3, 33), (3, 36), (5, 4), (3, 55), (5, 7), (3, 58), (3, 3), (5, 3), (8, 2), (2, 8)]"
ref,00001.png,"(2,8),(3,3),(3,33),(3,36),(3,55),(3,58),(5,4),(3,3),(3,33),(3,36),(3,55),(3,58),(5,3),(5,7),(8,2),(3,3),(3,33),(3,36),(3,55),(3,58),(5,4)","[(3, 33), (3, 36), (5, 4), (3, 55), (5, 7), (3, 58), (3, 3), (5, 3), (8, 2), (2, 8)]"
ref,00001.png,"(2,8),(3,3),(3,33),(3,36),(3,55),(3,58),(5,4),(3,3),(3,33),(3,36),(3,55),(3,58),(5,3),(5,7),(8,2),(3,3),(3,33),(3,36),(3,55),(3,58),(5,4)","[(3, 33), (3, 36), (5, 4), (3, 55), (5, 7), (3, 58), (3, 3), (5, 3), (8, 2), (2, 8)]"
ref,00002.png,"(3,2),(3,4),(3,7),(3,40),(7,3),(7,11),(3,2),(3,4),(3,17),(8,2),(3,2),(3,4),(3,4),(7,8),(7,11)","[(3, 40), (3, 4), (3, 17), (3, 7), (7, 3), (8, 2), (3, 2), (7, 11), (7, 8)]"
ref,00002.png,"(3,2),(3,4),(3,7),(3,40),(7,3),(7,11),(3,2),(3,4),(3,17),(8,2),(3,2),(3,4),(3,4),(7,8),(7,11)","[(3, 40), (3, 4), (3, 17), (3, 7), (7, 3), (8, 2), (3, 2), (7, 11), (7, 8)]"
ref,00003.png,"(2,8),(5,3),(5,4),(5,5),(5,7),(5,16),(6,1),(7,2)","[(5, 5), (6, 1), (5, 4), (5, 7), (5, 16), (7, 2), (5, 3), (2, 8)]"
ref,00003.png,"(2,8),(5,3),(5,4),(5,5),(5,7),(5,16),(6,1),(7,2)","[(5, 5), (6, 1), (5, 4), (5, 7), (5, 16), (7, 2), (5, 3), (2, 8)]"
ref,00003.png,"(2,8),(5,3),(5,4),(5,5),(5,7),(5,16),(6,1),(7,2)","[(5, 5), (6, 1), (5, 4), (5, 7), (5, 16), (7, 2), (5, 3), (2, 8)]"
ref,00003.png,"(2,8),(5,3),(5,4),(5,5),(5,7),(5,16),(6,1),(7,2)","[(5, 5), (6, 1), (5, 4), (5, 7), (5, 16), (7, 2), (5, 3), (2, 8)]"
ref,00003.png,"(2,8),(5,3),(5,4),(5,5),(5,7),(5,16),(6,1),(7,2)","[(5, 5), (6, 1), (5, 4), (5, 7), (5, 16), (7, 2), (5, 3), (2, 8)]"
ref,00003.png,"(2,8),(5,3),(5,4),(5,5),(5,7),(5,16),(6,1),(7,2)","[(5, 5), (6, 1), (5, 4), (5, 7), (5, 16), (7, 2), (5, 3), (2, 8)]"
ref,00004.png,"(2,18),(3,10),(4,3),(7,2),(2,18),(3,1),(4,3),(7,2),(8,3),(3,6),(3,25),(4,3),(8,3)","[(4, 3), (3, 1), (3, 10), (8, 3), (3, 25), (3, 6), (7, 2), (2, 18)]"
ref,00004.png,"(2,18),(3,10),(4,3),(7,2),(2,18),(3,1),(4,3),(7,2),(8,3),(3,6),(3,25),(4,3),(8,3)","[(4, 3), (3, 1), (3, 10), (8, 3), (3, 25), (3, 6), (7, 2), (2, 18)]"
ref,00004.png,"(2,18),(3,10),(4,3),(7,2),(2,18),(3,1),(4,3),(7,2),(8,3),(3,6),(3,25),(4,3),(8,3)","[(4, 3), (3, 1), (3, 10), (8, 3), (3, 25), (3, 6), (7, 2), (2, 18)]"
ref,00005.png,"(2,24),(3,4),(3,5),(7,2),(7,11),(7,12),(3,4),(3,5),(3,23),(6,1),(2,8),(3,4),(3,7),(4,3),(5,2),(5,4),(5,5)","[(5, 5), (2, 24), (3, 4), (4, 3), (3, 23), (6, 1), (3, 7), (5, 4), (5, 2), (7, 12), (7, 2), (7, 11), (3, 5), (2, 8)]"
ref,00005.png,"(2,24),(3,4),(3,5),(7,2),(7,11),(7,12),(3,4),(3,5),(3,23),(6,1),(2,8),(3,4),(3,7),(4,3),(5,2),(5,4),(5,5)","[(5, 5), (2, 24), (3, 4), (4, 3), (3, 23), (6, 1), (3, 7), (5, 4), (5, 2), (7, 12), (7, 2), (7, 11), (3, 5), (2, 8)]"
ref,00005.png,"(2,24),(3,4),(3,5),(7,2),(7,11),(7,12),(3,4),(3,5),(3,23),(6,1),(2,8),(3,4),(3,7),(4,3),(5,2),(5,4),(5,5)","[(5, 5), (2, 24), (3, 4), (4, 3), (3, 23), (6, 1), (3, 7), (5, 4), (5, 2), (7, 12), (7, 2), (7, 11), (3, 5), (2, 8)]"
ref,00005.png,"(2,24),(3,4),(3,5),(7,2),(7,11),(7,12),(3,4),(3,5),(3,23),(6,1),(2,8),(3,4),(3,7),(4,3),(5,2),(5,4),(5,5)","[(5, 5), (2, 24), (3, 4), (4, 3), (3, 23), (6, 1), (3, 7), (5, 4), (5, 2), (7, 12), (7, 2), (7, 11), (3, 5), (2, 8)]"
ref,00005.png,"(2,24),(3,4),(3,5),(7,2),(7,11),(7,12),(3,4),(3,5),(3,23),(6,1),(2,8),(3,4),(3,7),(4,3),(5,2),(5,4),(5,5)","[(5, 5), (2, 24), (3, 4), (4, 3), (3, 23), (6, 1), (3, 7), (5, 4), (5, 2), (7, 12), (7, 2), (7, 11), (3, 5), (2, 8)]"
ref,00005.png,"(2,24),(3,4),(3,5),(7,2),(7,11),(7,12),(3,4),(3,5),(3,23),(6,1),(2,8),(3,4),(3,7),(4,3),(5,2),(5,4),(5,5)","[(5, 5), (2, 24), (3, 4), (4, 3), (3, 23), (6, 1), (3, 7), (5, 4), (5, 2), (7, 12), (7, 2), (7, 11), (3, 5), (2, 8)]"
ref,00007.png,"(2,8),(3,4),(5,2),(5,3),(5,11),(5,12),(3,5),(5,2),(5,3),(5,11),(5,12),(5,29),(5,3),(5,8),(5,11),(5,16),(5,25),(5,26)","[(5, 11), (3, 4), (2, 8), (5, 8), (5, 25), (5, 26), (5, 16), (5, 29), (5, 3), (5, 12), (3, 5), (5, 2)]"
ref,00007.png,"(2,8),(3,4),(5,2),(5,3),(5,11),(5,12),(3,5),(5,2),(5,3),(5,11),(5,12),(5,29),(5,3),(5,8),(5,11),(5,16),(5,25),(5,26)","[(5, 11), (3, 4), (2, 8), (5, 8), (5, 25), (5, 26), (5, 16), (5, 29), (5, 3), (5, 12), (3, 5), (5, 2)]"
ref,00008.png,"(2,19),(2,20),(5,13),(7,2),(7,11),(7,33),(2,19),(2,2),(7,2),(7,11),(7,33),(2,19),(2,2),(6,15),(7,3),(7,11)","[(7, 33), (6, 15), (2, 20), (5, 13), (2, 19), (7, 3), (7, 2), (2, 2), (7, 11)]"
ref,00008.png,"(2,19),(2,20),(5,13),(7,2),(7,11),(7,33),(2,19),(2,2),(7,2),(7,11),(7,33),(2,19),(2,2),(6,15),(7,3),(7,11)","[(7, 33), (6, 15), (2, 20), (5, 13), (2, 19), (7, 3), (7, 2), (2, 2), (7, 11)]"
ref,00008.png,"(2,19),(2,20),(5,13),(7,2),(7,11),(7,33),(2,19),(2,2),(7,2),(7,11),(7,33),(2,19),(2,2),(6,15),(7,3),(7,11)","[(7, 33), (6, 15), (2, 20), (5, 13), (2, 19), (7, 3), (7, 2), (2, 2), (7, 11)]"
ref,00008.png,"(2,19),(2,20),(5,13),(7,2),(7,11),(7,33),(2,19),(2,2),(7,2),(7,11),(7,33),(2,19),(2,2),(6,15),(7,3),(7,11)","[(7, 33), (6, 15), (2, 20), (5, 13), (2, 19), (7, 3), (7, 2), (2, 2), (7, 11)]"
ref,00009.png,"(2,18),(2,25),(3,3),(7,2),(7,3,5,),(7,20),(7,21),(7,33),(2,18),(2,25),(3,3),(7,2),(7,11),(7,33),(3,2),(7,12)","[(7, 33), (7, 3, 5), (7, 20), (3, 3), (7, 12), (7, 2), (2, 18), (2, 25), (7, 21), (3, 2), (7, 11)]"
ref,00009.png,"(2,18),(2,25),(3,3),(7,2),(7,3,5,),(7,20),(7,21),(7,33),(2,18),(2,25),(3,3),(7,2),(7,11),(7,33),(3,2),(7,12)","[(7, 33), (7, 3, 5), (7, 20), (3, 3), (7, 12), (7, 2), (2, 18), (2, 25), (7, 21), (3, 2), (7, 11)]"
ref,00010.png,"(2,11),(3,5),(3,19),(5,3),(5,4),(5,5),(3,19),(5,3),(4,2),(7,37),(8,4)","[(5, 5), (8, 4), (5, 4), (4, 2), (3, 19), (5, 3), (7, 37), (2, 11), (3, 5)]"
ref,00010.png,"(2,11),(3,5),(3,19),(5,3),(5,4),(5,5),(3,19),(5,3),(4,2),(7,37),(8,4)","[(5, 5), (8, 4), (5, 4), (4, 2), (3, 19), (5, 3), (7, 37), (2, 11), (3, 5)]"
ref,00011.png,"(2,8),(3,6),(4,5),(5,2),(5,3),(5,4),(5,11),(2,22),(3,6),(7,33),(8,2),(8,3),(3,4),(4,6),(5,8),(5,25),(5,26)","[(7, 33), (2, 8), (5, 11), (3, 4), (5, 8), (5, 4), (4, 6), (5, 25), (5, 26), (4, 5), (2, 22), (8, 3), (3, 6), (5, 3), (8, 2), (5, 2)]"
ref,00011.png,"(2,8),(3,6),(4,5),(5,2),(5,3),(5,4),(5,11),(2,22),(3,6),(7,33),(8,2),(8,3),(3,4),(4,6),(5,8),(5,25),(5,26)","[(7, 33), (2, 8), (5, 11), (3, 4), (5, 8), (5, 4), (4, 6), (5, 25), (5, 26), (4, 5), (2, 22), (8, 3), (3, 6), (5, 3), (8, 2), (5, 2)]"
ref,00011.png,"(2,8),(3,6),(4,5),(5,2),(5,3),(5,4),(5,11),(2,22),(3,6),(7,33),(8,2),(8,3),(3,4),(4,6),(5,8),(5,25),(5,26)","[(7, 33), (2, 8), (5, 11), (3, 4), (5, 8), (5, 4), (4, 6), (5, 25), (5, 26), (4, 5), (2, 22), (8, 3), (3, 6), (5, 3), (8, 2), (5, 2)]"
ref,00011.png,"(2,8),(3,6),(4,5),(5,2),(5,3),(5,4),(5,11),(2,22),(3,6),(7,33),(8,2),(8,3),(3,4),(4,6),(5,8),(5,25),(5,26)","[(7, 33), (2, 8), (5, 11), (3, 4), (5, 8), (5, 4), (4, 6), (5, 25), (5, 26), (4, 5), (2, 22), (8, 3), (3, 6), (5, 3), (8, 2), (5, 2)]"
ref,00011.png,"(2,8),(3,6),(4,5),(5,2),(5,3),(5,4),(5,11),(2,22),(3,6),(7,33),(8,2),(8,3),(3,4),(4,6),(5,8),(5,25),(5,26)","[(7, 33), (2, 8), (5, 11), (3, 4), (5, 8), (5, 4), (4, 6), (5, 25), (5, 26), (4, 5), (2, 22), (8, 3), (3, 6), (5, 3), (8, 2), (5, 2)]"
ref,00012.png,"(3,5),(3,41),(7,37),(3,6),(3,41),(8,2),(8,3),(3,5),(3,41)","[(8, 3), (3, 6), (7, 37), (3, 41), (3, 5), (8, 2)]"
ref,00012.png,"(3,5),(3,41),(7,37),(3,6),(3,41),(8,2),(8,3),(3,5),(3,41)","[(8, 3), (3, 6), (7, 37), (3, 41), (3, 5), (8, 2)]"
ref,00012.png,"(3,5),(3,41),(7,37),(3,6),(3,41),(8,2),(8,3),(3,5),(3,41)","[(8, 3), (3, 6), (7, 37), (3, 41), (3, 5), (8, 2)]"
ref,00013.png,"(3,9),(3,41),(3,5),(3,41),(3,5),(3,1),(3,41)","[(3, 1), (3, 41), (3, 9), (3, 5)]"
ref,00013.png,"(3,9),(3,41),(3,5),(3,41),(3,5),(3,1),(3,41)","[(3, 1), (3, 41), (3, 9), (3, 5)]"
ref,00013.png,"(3,9),(3,41),(3,5),(3,41),(3,5),(3,1),(3,41)","[(3, 1), (3, 41), (3, 9), (3, 5)]"
ref,00014.png,"(2,13),(2,17),(3,4),(6,9),(7,2),(7,3),(2,13),(3,4),(6,9),(2,13),(3,4),(6,9)","[(2, 17), (3, 4), (2, 13), (7, 3), (7, 2), (6, 9)]"
ref,00014.png,"(2,13),(2,17),(3,4),(6,9),(7,2),(7,3),(2,13),(3,4),(6,9),(2,13),(3,4),(6,9)","[(2, 17), (3, 4), (2, 13), (7, 3), (7, 2), (6, 9)]"
ref,00014.png,"(2,13),(2,17),(3,4),(6,9),(7,2),(7,3),(2,13),(3,4),(6,9),(2,13),(3,4),(6,9)","[(2, 17), (3, 4), (2, 13), (7, 3), (7, 2), (6, 9)]"
ref,00014.png,"(2,13),(2,17),(3,4),(6,9),(7,2),(7,3),(2,13),(3,4),(6,9),(2,13),(3,4),(6,9)","[(2, 17), (3, 4), (2, 13), (7, 3), (7, 2), (6, 9)]"
ref,00014.png,"(2,13),(2,17),(3,4),(6,9),(7,2),(7,3),(2,13),(3,4),(6,9),(2,13),(3,4),(6,9)","[(2, 17), (3, 4), (2, 13), (7, 3), (7, 2), (6, 9)]"
ref,00014.png,"(2,13),(2,17),(3,4),(6,9),(7,2),(7,3),(2,13),(3,4),(6,9),(2,13),(3,4),(6,9)","[(2, 17), (3, 4), (2, 13), (7, 3), (7, 2), (6, 9)]"
ref,00015.png,"(2,17),(3,4),(3,6),(3,32),(7,2),(7,12),(2,17),(3,4),(3,6),(3,7),(8,2),(8,3),(8,5),(7,3),(8,2),(8,3),(8,5)","[(2, 17), (3, 4), (3, 7), (7, 3), (8, 3), (3, 32), (7, 12), (7, 2), (3, 6), (8, 2), (8, 5)]"
ref,00016.png,"(6,9),(6,9),(5,11),(6,9)","[(6, 9), (5, 11)]"
ref,00016.png,"(6,9),(6,9),(5,11),(6,9)","[(6, 9), (5, 11)]"
ref,00017.png,"(2,17),(2,18),(3,5),(3,6),(4,3),(7,2),(2,18),(3,4),(3,5),(7,2),(8,3),(8,5),(2,18),(3,4),(3,6),(7,2)","[(2, 17), (3, 4), (4, 3), (8, 3), (2, 18), (3, 6), (7, 2), (8, 5), (3, 5)]"
ref,00017.png,"(2,17),(2,18),(3,5),(3,6),(4,3),(7,2),(2,18),(3,4),(3,5),(7,2),(8,3),(8,5),(2,18),(3,4),(3,6),(7,2)","[(2, 17), (3, 4), (4, 3), (8, 3), (2, 18), (3, 6), (7, 2), (8, 5), (3, 5)]"
ref,00017.png,"(2,17),(2,18),(3,5),(3,6),(4,3),(7,2),(2,18),(3,4),(3,5),(7,2),(8,3),(8,5),(2,18),(3,4),(3,6),(7,2)","[(2, 17), (3, 4), (4, 3), (8, 3), (2, 18), (3, 6), (7, 2), (8, 5), (3, 5)]"
ref,00017.png,"(2,17),(2,18),(3,5),(3,6),(4,3),(7,2),(2,18),(3,4),(3,5),(7,2),(8,3),(8,5),(2,18),(3,4),(3,6),(7,2)","[(2, 17), (3, 4), (4, 3), (8, 3), (2, 18), (3, 6), (7, 2), (8, 5), (3, 5)]"
ref,00019.png,"(2,9),(5,12),(7,33),(5,12),(8,5),(7,3),(7,11),(7,12)","[(7, 33), (7, 3), (8, 5), (2, 9), (7, 12), (7, 11), (5, 12)]"
ref,00020.png,"(7,12),(7,17),(8,3),(7,12),(7,17)","[(8, 3), (7, 17), (7, 12)]"
ref,00020.png,"(7,12),(7,17),(8,3),(7,12),(7,17)","[(8, 3), (7, 17), (7, 12)]"
ref,00020.png,"(7,12),(7,17),(8,3),(7,12),(7,17)","[(8, 3), (7, 17), (7, 12)]"
ref,00021.png,"(3,3),(3,5),(5,3),(5,7),(7,2),(7,12),(3,4),(3,5),(8,2),(8,3),(8,5),(3,5),(5,3),(7,2),(7,12)","[(3, 4), (5, 7), (8, 3), (3, 3), (7, 12), (7, 2), (5, 3), (8, 2), (8, 5), (3, 5)]"
ref,00021.png,"(3,3),(3,5),(5,3),(5,7),(7,2),(7,12),(3,4),(3,5),(8,2),(8,3),(8,5),(3,5),(5,3),(7,2),(7,12)","[(3, 4), (5, 7), (8, 3), (3, 3), (7, 12), (7, 2), (5, 3), (8, 2), (8, 5), (3, 5)]"
ref,00021.png,"(3,3),(3,5),(5,3),(5,7),(7,2),(7,12),(3,4),(3,5),(8,2),(8,3),(8,5),(3,5),(5,3),(7,2),(7,12)","[(3, 4), (5, 7), (8, 3), (3, 3), (7, 12), (7, 2), (5, 3), (8, 2), (8, 5), (3, 5)]"
ref,00021.png,"(3,3),(3,5),(5,3),(5,7),(7,2),(7,12),(3,4),(3,5),(8,2),(8,3),(8,5),(3,5),(5,3),(7,2),(7,12)","[(3, 4), (5, 7), (8, 3), (3, 3), (7, 12), (7, 2), (5, 3), (8, 2), (8, 5), (3, 5)]"
ref,00022.png,"(2,10),(3,5),(3,17),(5,2),(5,17),(8,2),(8,3),(2,1),(2,11),(5,17),(2,1),(5,3),(5,17)","[(2, 1), (3, 17), (2, 10), (5, 17), (8, 3), (5, 3), (8, 2), (2, 11), (3, 5), (5, 2)]"
ref,00022.png,"(2,10),(3,5),(3,17),(5,2),(5,17),(8,2),(8,3),(2,1),(2,11),(5,17),(2,1),(5,3),(5,17)","[(2, 1), (3, 17), (2, 10), (5, 17), (8, 3), (5, 3), (8, 2), (2, 11), (3, 5), (5, 2)]"
ref,00022.png,"(2,10),(3,5),(3,17),(5,2),(5,17),(8,2),(8,3),(2,1),(2,11),(5,17),(2,1),(5,3),(5,17)","[(2, 1), (3, 17), (2, 10), (5, 17), (8, 3), (5, 3), (8, 2), (2, 11), (3, 5), (5, 2)]"
ref,00022.png,"(2,10),(3,5),(3,17),(5,2),(5,17),(8,2),(8,3),(2,1),(2,11),(5,17),(2,1),(5,3),(5,17)","[(2, 1), (3, 17), (2, 10), (5, 17), (8, 3), (5, 3), (8, 2), (2, 11), (3, 5), (5, 2)]"
ref,00022.png,"(2,10),(3,5),(3,17),(5,2),(5,17),(8,2),(8,3),(2,1),(2,11),(5,17),(2,1),(5,3),(5,17)","[(2, 1), (3, 17), (2, 10), (5, 17), (8, 3), (5, 3), (8, 2), (2, 11), (3, 5), (5, 2)]"
ref,00022.png,"(2,10),(3,5),(3,17),(5,2),(5,17),(8,2),(8,3),(2,1),(2,11),(5,17),(2,1),(5,3),(5,17)","[(2, 1), (3, 17), (2, 10), (5, 17), (8, 3), (5, 3), (8, 2), (2, 11), (3, 5), (5, 2)]"
ref,00023.png,"(3,5),(5,3),(7,2),(7,12),(3,5),(5,3),(7,2),(7,12),(8,2),(8,3),(8,5),(3,5),(7,12)","[(8, 3), (7, 12), (7, 2), (5, 3), (8, 2), (8, 5), (3, 5)]"
ref,00024.png,"(3,4),(3,42),(7,2),(7,12),(3,42),(3,42),(7,11),(7,12)","[(3, 4), (3, 42), (7, 12), (7, 2), (7, 11)]"
ref,00024.png,"(3,4),(3,42),(7,2),(7,12),(3,42),(3,42),(7,11),(7,12)","[(3, 4), (3, 42), (7, 12), (7, 2), (7, 11)]"
ref,00024.png,"(3,4),(3,42),(7,2),(7,12),(3,42),(3,42),(7,11),(7,12)","[(3, 4), (3, 42), (7, 12), (7, 2), (7, 11)]"
ref,00027.png,"(3,4),(3,5),(3,28),(3,41),(3,50),(5,4),(5,5),(3,4),(3,6),(3,28),(5,4),(5,5),(3,28),(3,41),(7,11)","[(5, 5), (3, 4), (5, 4), (3, 6), (3, 28), (3, 41), (7, 11), (3, 5), (3, 50)]"
ref,00027.png,"(3,4),(3,5),(3,28),(3,41),(3,50),(5,4),(5,5),(3,4),(3,6),(3,28),(5,4),(5,5),(3,28),(3,41),(7,11)","[(5, 5), (3, 4), (5, 4), (3, 6), (3, 28), (3, 41), (7, 11), (3, 5), (3, 50)]"
ref,00028.png,"(2,7),(3,41),(3,50),(7,12),(2,7),(3,5),(8,3),(3,41),(8,4)","[(8, 4), (2, 7), (8, 3), (7, 12), (3, 41), (3, 5), (3, 50)]"
ref,00029.png,"(3,5),(3,41),(7,12),(3,41),(8,2),(8,3),(3,6),(3,41),(7,12)","[(8, 3), (7, 12), (3, 6), (3, 41), (3, 5), (8, 2)]"
ref,00029.png,"(3,5),(3,41),(7,12),(3,41),(8,2),(8,3),(3,6),(3,41),(7,12)","[(8, 3), (7, 12), (3, 6), (3, 41), (3, 5), (8, 2)]"
ref,00029.png,"(3,5),(3,41),(7,12),(3,41),(8,2),(8,3),(3,6),(3,41),(7,12)","[(8, 3), (7, 12), (3, 6), (3, 41), (3, 5), (8, 2)]"
ref,00029.png,"(3,5),(3,41),(7,12),(3,41),(8,2),(8,3),(3,6),(3,41),(7,12)","[(8, 3), (7, 12), (3, 6), (3, 41), (3, 5), (8, 2)]"
ref,00030.png,"(3,15),(5,3),(5,3),(5,3),(8,3),(8,5)","[(5, 3), (8, 3), (3, 15), (8, 5)]"
ref,00030.png,"(3,15),(5,3),(5,3),(5,3),(8,3),(8,5)","[(5, 3), (8, 3), (3, 15), (8, 5)]"
ref,00030.png,"(3,15),(5,3),(5,3),(5,3),(8,3),(8,5)","[(5, 3), (8, 3), (3, 15), (8, 5)]"
ref,00031.png,"(3,4),(3,5),(3,25),(3,40),(4,18),(5,3),(5,8),(3,4),(3,7),(3,23),(3,4),(3,4),(3,6),(3,4),(8,2),(8,3)","[(3, 40), (3, 4), (5, 8), (3, 23), (3, 7), (8, 3), (3, 25), (4, 18), (3, 6), (5, 3), (8, 2), (3, 5)]"
ref,00031.png,"(3,4),(3,5),(3,25),(3,40),(4,18),(5,3),(5,8),(3,4),(3,7),(3,23),(3,4),(3,4),(3,6),(3,4),(8,2),(8,3)","[(3, 40), (3, 4), (5, 8), (3, 23), (3, 7), (8, 3), (3, 25), (4, 18), (3, 6), (5, 3), (8, 2), (3, 5)]"
ref,00032.png,"(2,8),(2,10),(3,32),(5,2),(5,11),(2,8),(2,1),(3,32),(5,2),(5,11),(2,8),(2,1),(3,32),(5,2),(5,11)","[(5, 11), (2, 8), (2, 1), (2, 10), (3, 32), (5, 2)]"
ref,00032.png,"(2,8),(2,10),(3,32),(5,2),(5,11),(2,8),(2,1),(3,32),(5,2),(5,11),(2,8),(2,1),(3,32),(5,2),(5,11)","[(5, 11), (2, 8), (2, 1), (2, 10), (3, 32), (5, 2)]"
ref,00033.png,"(3,2),(3,4),(3,6),(3,40),(3,2),(3,4),(3,6),(3,4),(8,3),(3,2),(3,3),(3,17),(3,4)","[(3, 40), (3, 4), (3, 17), (8, 3), (3, 3), (3, 6), (3, 2)]"
ref,00033.png,"(3,2),(3,4),(3,6),(3,40),(3,2),(3,4),(3,6),(3,4),(8,3),(3,2),(3,3),(3,17),(3,4)","[(3, 40), (3, 4), (3, 17), (8, 3), (3, 3), (3, 6), (3, 2)]"
ref,00033.png,"(3,2),(3,4),(3,6),(3,40),(3,2),(3,4),(3,6),(3,4),(8,3),(3,2),(3,3),(3,17),(3,4)","[(3, 40), (3, 4), (3, 17), (8, 3), (3, 3), (3, 6), (3, 2)]"
ref,00034.png,"(2,17),(7,2),(2,17),(7,2),(8,2),(8,3),(2,17),(7,2)","[(8, 2), (8, 3), (2, 17), (7, 2)]"
ref,00034.png,"(2,17),(7,2),(2,17),(7,2),(8,2),(8,3),(2,17),(7,2)","[(8, 2), (8, 3), (2, 17), (7, 2)]"
ref,00035.png,"(2,8),(3,29),(3,32),(5,10),(6,9),(2,8),(3,32),(4,11),(5,1),(2,8),(3,32),(4,11),(5,1)","[(5, 1), (3, 29), (5, 10), (3, 32), (4, 11), (6, 9), (2, 8)]"
ref,00035.png,"(2,8),(3,29),(3,32),(5,10),(6,9),(2,8),(3,32),(4,11),(5,1),(2,8),(3,32),(4,11),(5,1)","[(5, 1), (3, 29), (5, 10), (3, 32), (4, 11), (6, 9), (2, 8)]"
ref,00036.png,"(3,5),(3,41),(7,12),(2,17),(3,5),(3,41),(7,12),(3,5),(3,41),(5,3),(7,12)","[(2, 17), (7, 12), (5, 3), (3, 41), (3, 5)]"
ref,00037.png,"(3,5),(3,6),(3,41),(3,6),(3,41),(3,6),(3,9),(3,41)","[(3, 41), (3, 9), (3, 5), (3, 6)]"
ref,00037.png,"(3,5),(3,6),(3,41),(3,6),(3,41),(3,6),(3,9),(3,41)","[(3, 41), (3, 9), (3, 5), (3, 6)]"
ref,00037.png,"(3,5),(3,6),(3,41),(3,6),(3,41),(3,6),(3,9),(3,41)","[(3, 41), (3, 9), (3, 5), (3, 6)]"
ref,00037.png,"(3,5),(3,6),(3,41),(3,6),(3,41),(3,6),(3,9),(3,41)","[(3, 41), (3, 9), (3, 5), (3, 6)]"
ref,00037.png,"(3,5),(3,6),(3,41),(3,6),(3,41),(3,6),(3,9),(3,41)","[(3, 41), (3, 9), (3, 5), (3, 6)]"
ref,00037.png,"(3,5),(3,6),(3,41),(3,6),(3,41),(3,6),(3,9),(3,41)","[(3, 41), (3, 9), (3, 5), (3, 6)]"
ref,00037.png,"(3,5),(3,6),(3,41),(3,6),(3,41),(3,6),(3,9),(3,41)","[(3, 41), (3, 9), (3, 5), (3, 6)]"
ref,00038.png,"(3,5),(3,6),(3,42),(7,2),(3,5),(3,6),(3,42),(3,5),(3,6),(3,42),(7,2)","[(7, 2), (3, 42), (3, 5), (3, 6)]"
ref,00038.png,"(3,5),(3,6),(3,42),(7,2),(3,5),(3,6),(3,42),(3,5),(3,6),(3,42),(7,2)","[(7, 2), (3, 42), (3, 5), (3, 6)]"
ref,00038.png,"(3,5),(3,6),(3,42),(7,2),(3,5),(3,6),(3,42),(3,5),(3,6),(3,42),(7,2)","[(7, 2), (3, 42), (3, 5), (3, 6)]"
ref,00039.png,"(3,4),(3,10),(3,53),(5,14),(3,4),(3,1),(3,53),(5,14),(3,4),(3,1),(3,53),(5,14)","[(3, 53), (3, 4), (5, 14), (3, 1), (3, 10)]"
ref,00039.png,"(3,4),(3,10),(3,53),(5,14),(3,4),(3,1),(3,53),(5,14),(3,4),(3,1),(3,53),(5,14)","[(3, 53), (3, 4), (5, 14), (3, 1), (3, 10)]"
ref,00040.png,"(4,3),(5,15),(5,16),(6,32),(7,2),(8,5),(3,2),(5,7),(5,11),(5,3),(5,11),(6,32),(7,2)","[(5, 15), (5, 11), (4, 3), (5, 7), (5, 16), (6, 32), (7, 2), (5, 3), (3, 2), (8, 5)]"
ref,00041.png,"(2,17),(3,5),(3,22),(3,39),(7,2),(2,17),(3,5),(3,22),(3,39),(7,2),(2,17),(3,22),(3,39),(7,2)","[(2, 17), (3, 39), (7, 2), (3, 22), (3, 5)]"
ref,00041.png,"(2,17),(3,5),(3,22),(3,39),(7,2),(2,17),(3,5),(3,22),(3,39),(7,2),(2,17),(3,22),(3,39),(7,2)","[(2, 17), (3, 39), (7, 2), (3, 22), (3, 5)]"
ref,00042.png,"(3,4),(3,5),(3,28),(3,38),(7,3),(3,4),(3,5),(3,28),(3,38),(3,4),(3,5),(3,28),(3,38),(8,3)","[(3, 4), (7, 3), (8, 3), (3, 38), (3, 28), (3, 5)]"
ref,00042.png,"(3,4),(3,5),(3,28),(3,38),(7,3),(3,4),(3,5),(3,28),(3,38),(3,4),(3,5),(3,28),(3,38),(8,3)","[(3, 4), (7, 3), (8, 3), (3, 38), (3, 28), (3, 5)]"
ref,00043.png,"(2,11),(3,16),(3,28),(5,2),(5,3),(5,8),(6,32),(2,11),(3,16),(3,28),(5,2),(5,3),(5,8),(6,32)","[(5, 8), (3, 16), (6, 32), (3, 28), (5, 3), (2, 11), (5, 2)]"
ref,00043.png,"(2,11),(3,16),(3,28),(5,2),(5,3),(5,8),(6,32),(2,11),(3,16),(3,28),(5,2),(5,3),(5,8),(6,32)","[(5, 8), (3, 16), (6, 32), (3, 28), (5, 3), (2, 11), (5, 2)]"
ref,00043.png,"(2,11),(3,16),(3,28),(5,2),(5,3),(5,8),(6,32),(2,11),(3,16),(3,28),(5,2),(5,3),(5,8),(6,32)","[(5, 8), (3, 16), (6, 32), (3, 28), (5, 3), (2, 11), (5, 2)]"
ref,00043.png,"(2,11),(3,16),(3,28),(5,2),(5,3),(5,8),(6,32),(2,11),(3,16),(3,28),(5,2),(5,3),(5,8),(6,32)","[(5, 8), (3, 16), (6, 32), (3, 28), (5, 3), (2, 11), (5, 2)]"
ref,00043.png,"(2,11),(3,16),(3,28),(5,2),(5,3),(5,8),(6,32),(2,11),(3,16),(3,28),(5,2),(5,3),(5,8),(6,32)","[(5, 8), (3, 16), (6, 32), (3, 28), (5, 3), (2, 11), (5, 2)]"
ref,00044.png,"(2,22),(3,2),(3,4),(5,3),(5,14),(5,16),(2,22),(3,2),(3,4),(4,14),(5,3),(5,14),(5,16)","[(3, 4), (5, 14), (2, 22), (5, 16), (4, 14), (5, 3), (3, 2)]"
ref,00045.png,"(2,28),(3,5),(3,41),(3,42),(2,28),(3,5),(3,9),(3,41),(3,42),(8,3),(8,5),(2,33),(3,5)","[(2, 33), (3, 42), (8, 3), (2, 28), (3, 9), (3, 41), (8, 5), (3, 5)]"
ref,00045.png,"(2,28),(3,5),(3,41),(3,42),(2,28),(3,5),(3,9),(3,41),(3,42),(8,3),(8,5),(2,33),(3,5)","[(2, 33), (3, 42), (8, 3), (2, 28), (3, 9), (3, 41), (8, 5), (3, 5)]"
ref,00045.png,"(2,28),(3,5),(3,41),(3,42),(2,28),(3,5),(3,9),(3,41),(3,42),(8,3),(8,5),(2,33),(3,5)","[(2, 33), (3, 42), (8, 3), (2, 28), (3, 9), (3, 41), (8, 5), (3, 5)]"
ref,00045.png,"(2,28),(3,5),(3,41),(3,42),(2,28),(3,5),(3,9),(3,41),(3,42),(8,3),(8,5),(2,33),(3,5)","[(2, 33), (3, 42), (8, 3), (2, 28), (3, 9), (3, 41), (8, 5), (3, 5)]"
ref,00046.png,"(3,5),(3,40),(3,5),(3,4),(7,11)","[(3, 40), (7, 11), (3, 4), (3, 5)]"
ref,00047.png,"(2,29),(3,2),(3,25),(2,29),(5,3),(2,29),(3,25),(3,2)","[(5, 3), (3, 2), (3, 25), (2, 29)]"
ref,00047.png,"(2,29),(3,2),(2,29),(5,3),(2,29),(3,2)","[(5, 3), (3, 2), (2, 29)]"
ref,00048.png,"(7,2),(7,11),(7,2),(7,11),(7,2),(7,11)","[(7, 11), (7, 2)]"
ref,00048.png,"(7,2),(7,11),(7,2),(7,11),(7,2),(7,11)","[(7, 11), (7, 2)]"
ref,00048.png,"(7,2),(7,11),(7,2),(7,11),(7,2),(7,11)","[(7, 11), (7, 2)]"
ref,00049.png,"(5,11),(5,12),(5,20),(2,8),(4,11),(5,2),(5,11),(5,12),(5,16),(3,4),(3,3),(4,11)","[(5, 11), (3, 4), (5, 20), (5, 2), (5, 16), (3, 3), (4, 11), (5, 12), (2, 8)]"
ref,00049.png,"(5,11),(5,12),(5,20),(2,8),(4,11),(5,2),(5,11),(5,12),(5,16),(3,4),(3,3),(4,11)","[(5, 11), (3, 4), (5, 20), (5, 2), (5, 16), (3, 3), (4, 11), (5, 12), (2, 8)]"
ref,00049.png,"(5,11),(5,12),(5,20),(2,8),(4,11),(5,2),(5,11),(5,12),(5,16),(3,4),(3,3),(4,11)","[(5, 11), (3, 4), (5, 20), (5, 2), (5, 16), (3, 3), (4, 11), (5, 12), (2, 8)]"
ref,00049.png,"(5,11),(5,12),(5,20),(2,8),(4,11),(5,2),(5,11),(5,12),(5,16),(3,4),(3,3),(4,11)","[(5, 11), (3, 4), (5, 20), (5, 2), (5, 16), (3, 3), (4, 11), (5, 12), (2, 8)]"
ref,00049.png,"(5,11),(5,12),(5,20),(2,8),(4,11),(5,2),(5,11),(5,12),(5,16),(3,4),(3,3),(4,11)","[(5, 11), (3, 4), (5, 20), (5, 2), (5, 16), (3, 3), (4, 11), (5, 12), (2, 8)]"
ref,00049.png,"(5,11),(5,12),(5,20),(2,8),(4,11),(5,2),(5,11),(5,12),(5,16),(3,4),(3,3),(4,11)","[(5, 11), (3, 4), (5, 20), (5, 2), (5, 16), (3, 3), (4, 11), (5, 12), (2, 8)]"
ref,00050.png,"(5,9),(6,7),(6,40),(5,9),(6,7),(5,9),(6,7)","[(6, 40), (5, 9), (6, 7)]"
ref,00050.png,"(5,9),(6,7),(6,40),(5,9),(6,7),(5,9),(6,7)","[(6, 40), (5, 9), (6, 7)]"
ref,00050.png,"(5,9),(6,7),(6,40),(5,9),(6,7),(5,9),(6,7)","[(6, 40), (5, 9), (6, 7)]"
ref,00051.png,"(3,5),(3,10),(3,15),(3,53),(5,4),(5,7),(3,6),(3,1),(3,15),(3,53),(5,7),(3,5),(3,1),(5,3),(5,4),(5,7)","[(3, 53), (3, 1), (5, 4), (3, 10), (5, 7), (3, 6), (5, 3), (3, 15), (3, 5)]"
ref,00051.png,"(3,5),(3,10),(3,15),(3,53),(5,4),(5,7),(3,6),(3,1),(3,15),(3,53),(5,7),(3,5),(3,1),(5,3),(5,4),(5,7)","[(3, 53), (3, 1), (5, 4), (3, 10), (5, 7), (3, 6), (5, 3), (3, 15), (3, 5)]"
ref,00051.png,"(3,5),(3,10),(3,15),(3,53),(5,4),(5,7),(3,6),(3,1),(3,15),(3,53),(5,7),(3,5),(3,1),(5,3),(5,4),(5,7)","[(3, 53), (3, 1), (5, 4), (3, 10), (5, 7), (3, 6), (5, 3), (3, 15), (3, 5)]"
ref,00052.png,"(4,11),(5,11),(5,12),(5,14),(5,22),(2,9),(2,1),(5,11),(5,14),(3,25),(4,11),(5,7),(5,16)","[(5, 11), (2, 1), (5, 14), (5, 7), (2, 9), (3, 25), (5, 16), (4, 11), (5, 22), (5, 12)]"
ref,00053.png,"(3,48),(7,11),(3,48),(3,48),(8,5)","[(8, 5), (3, 48), (7, 11)]"
ref,00053.png,"(3,48),(7,11),(3,48),(3,48),(8,5)","[(8, 5), (3, 48), (7, 11)]"
ref,00054.png,"(2,10),(3,4),(3,32),(5,11),(2,1),(3,4),(3,32),(5,11),(8,2),(8,3),(8,5),(2,1),(3,4),(3,32),(5,11)","[(5, 11), (2, 1), (3, 4), (2, 10), (8, 3), (3, 32), (8, 2), (8, 5)]"
ref,00055.png,"(2,11),(3,32),(7,12),(2,11),(3,32),(2,11),(3,3),(3,32)","[(3, 32), (3, 3), (2, 11), (7, 12)]"
ref,00056.png,"(3,5),(3,9),(3,52),(3,5),(3,9),(3,52),(3,5),(3,52)","[(3, 52), (3, 9), (3, 5)]"
ref,00056.png,"(3,5),(3,9),(3,52),(3,5),(3,9),(3,52),(3,5),(3,52)","[(3, 52), (3, 9), (3, 5)]"
ref,00056.png,"(3,5),(3,9),(3,52),(3,5),(3,9),(3,52),(3,5),(3,52)","[(3, 52), (3, 9), (3, 5)]"
ref,00056.png,"(3,5),(3,9),(3,52),(3,5),(3,9),(3,52),(3,5),(3,52)","[(3, 52), (3, 9), (3, 5)]"
ref,00057.png,"(2,13),(6,10),(8,2),(2,13),(6,1),(2,13),(6,1)","[(8, 2), (6, 1), (6, 10), (2, 13)]"
ref,00057.png,"(2,13),(6,10),(8,2),(2,13),(6,1),(2,13),(6,1)","[(8, 2), (6, 1), (6, 10), (2, 13)]"
ref,00057.png,"(2,13),(6,10),(2,13),(6,1),(8,2),(2,13),(6,1)","[(6, 1), (6, 10), (2, 13), (8, 2)]"
ref,00057.png,"(2,13),(6,10),(2,13),(6,1),(8,2),(2,13),(6,1)","[(6, 1), (6, 10), (2, 13), (8, 2)]"
ref,00058.png,"(2,8),(2,13),(2,17),(3,4),(5,9),(6,9),(7,11),(2,8),(2,13),(3,4),(3,6),(5,9),(6,1),(8,5),(2,8),(2,13),(5,9)","[(2, 17), (3, 4), (6, 1), (2, 13), (3, 6), (5, 9), (7, 11), (6, 9), (8, 5), (2, 8)]"
ref,00058.png,"(2,8),(2,13),(2,17),(3,4),(5,9),(6,9),(7,11),(2,8),(2,13),(3,4),(3,6),(5,9),(6,1),(8,5),(2,8),(2,13),(5,9)","[(2, 17), (3, 4), (6, 1), (2, 13), (3, 6), (5, 9), (7, 11), (6, 9), (8, 5), (2, 8)]"
ref,00058.png,"(2,8),(2,13),(2,17),(3,4),(5,9),(6,9),(7,11),(2,8),(2,13),(3,4),(3,6),(5,9),(6,1),(8,5),(2,8),(2,13),(5,9)","[(2, 17), (3, 4), (6, 1), (2, 13), (3, 6), (5, 9), (7, 11), (6, 9), (8, 5), (2, 8)]"
ref,00058.png,"(2,8),(2,13),(2,17),(3,4),(5,9),(6,9),(7,11),(2,8),(2,13),(3,4),(3,6),(5,9),(6,1),(8,5),(2,8),(2,13),(5,9)","[(2, 17), (3, 4), (6, 1), (2, 13), (3, 6), (5, 9), (7, 11), (6, 9), (8, 5), (2, 8)]"
ref,00059.png,"(3,4),(3,41),(7,12),(8,2),(8,3),(8,5),(3,41),(3,9),(3,41),(5,2),(5,3),(5,5),(8,2),(8,3)","[(5, 5), (3, 4), (8, 3), (5, 2), (7, 12), (3, 9), (5, 3), (3, 41), (8, 5), (8, 2)]"
ref,00060.png,"(3,5),(3,32),(7,12),(3,5),(8,3),(8,5),(3,41),(5,3),(5,4),(5,11)","[(5, 11), (5, 4), (8, 3), (3, 32), (7, 12), (5, 3), (3, 41), (8, 5), (3, 5)]"
ref,00060.png,"(3,5),(3,32),(7,12),(3,5),(8,3),(8,5),(3,41),(5,3),(5,4),(5,11)","[(5, 11), (5, 4), (8, 3), (3, 32), (7, 12), (5, 3), (3, 41), (8, 5), (3, 5)]"
ref,00060.png,"(3,5),(3,32),(7,12),(3,5),(8,3),(8,5),(3,41),(5,3),(5,4),(5,11)","[(5, 11), (5, 4), (8, 3), (3, 32), (7, 12), (5, 3), (3, 41), (8, 5), (3, 5)]"
ref,00060.png,"(3,5),(3,32),(7,12),(3,5),(8,3),(8,5),(3,41),(5,3),(5,4),(5,11)","[(5, 11), (5, 4), (8, 3), (3, 32), (7, 12), (5, 3), (3, 41), (8, 5), (3, 5)]"
ref,00060.png,"(3,5),(3,32),(7,12),(3,5),(8,3),(8,5),(3,41),(5,3),(5,4),(5,11)","[(5, 11), (5, 4), (8, 3), (3, 32), (7, 12), (5, 3), (3, 41), (8, 5), (3, 5)]"
ref,00061.png,"(2,1),(6,32),(6,33),(2,1),(6,32),(6,33),(2,1),(6,32),(6,33)","[(2, 1), (6, 33), (6, 32)]"
ref,00062.png,"(2,10),(3,2),(3,5),(4,14),(5,4),(5,8),(5,11),(2,1),(3,2),(3,5),(5,2),(5,8),(5,11),(8,3),(8,5),(2,1),(3,2),(3,3),(5,2),(5,11)","[(5, 11), (2, 1), (5, 8), (2, 10), (5, 4), (8, 3), (3, 3), (4, 14), (3, 2), (8, 5), (3, 5), (5, 2)]"
ref,00063.png,"(2,8),(2,9),(3,2),(3,4),(3,17),(3,32),(5,2),(5,9),(5,13),(7,2),(2,8),(3,32),(5,2),(5,9),(5,13),(7,2),(8,4),(2,8),(3,4),(3,6),(5,2),(5,5),(5,9),(5,2)","[(5, 5), (8, 4), (3, 4), (3, 17), (5, 13), (2, 9), (5, 2), (3, 32), (7, 2), (3, 6), (5, 9), (3, 2), (2, 8)]"
ref,00063.png,"(2,8),(2,9),(3,2),(3,4),(3,17),(3,32),(5,2),(5,9),(5,13),(7,2),(2,8),(3,32),(5,2),(5,9),(5,13),(7,2),(8,4),(2,8),(3,4),(3,6),(5,2),(5,5),(5,9),(5,2)","[(5, 5), (8, 4), (3, 4), (3, 17), (5, 13), (2, 9), (5, 2), (3, 32), (7, 2), (3, 6), (5, 9), (3, 2), (2, 8)]"
ref,00064.png,"(2,35),(2,35),(8,2),(8,3),(8,5),(2,35)","[(8, 2), (8, 3), (8, 5), (2, 35)]"
ref,00064.png,"(2,35),(2,35),(8,2),(8,3),(8,5),(2,35)","[(8, 2), (8, 3), (8, 5), (2, 35)]"
ref,00064.png,"(2,35),(2,35),(8,2),(8,3),(8,5),(2,35)","[(8, 2), (8, 3), (8, 5), (2, 35)]"
ref,00064.png,"(2,35),(2,35),(8,2),(8,3),(8,5),(2,35)","[(8, 2), (8, 3), (8, 5), (2, 35)]"
ref,00065.png,"(2,18),(3,7),(3,21),(3,22),(6,24),(7,2),(2,18),(3,7),(3,22),(6,24),(7,2)","[(3, 7), (6, 24), (2, 18), (3, 22), (7, 2), (3, 21)]"
ref,00065.png,"(2,18),(3,7),(3,21),(3,22),(6,24),(7,2),(2,18),(3,7),(3,22),(6,24),(7,2)","[(3, 7), (6, 24), (2, 18), (3, 22), (7, 2), (3, 21)]"
ref,00066.png,"(2,17),(3,6),(3,11),(2,17),(3,5),(3,6),(3,7),(7,4),(8,4),(2,17),(3,4),(3,5),(8,5)","[(7, 4), (2, 17), (8, 4), (3, 4), (3, 7), (3, 6), (8, 5), (3, 5), (3, 11)]"
ref,00066.png,"(2,17),(3,6),(3,11),(2,17),(3,5),(3,6),(3,7),(7,4),(8,4),(2,17),(3,4),(3,5),(8,5)","[(7, 4), (2, 17), (8, 4), (3, 4), (3, 7), (3, 6), (8, 5), (3, 5), (3, 11)]"
ref,00067.png,"(3,49),(3,6),(3,49)","[(3, 49), (3, 6)]"
ref,00068.png,"(2,17),(3,4),(5,6),(7,33),(2,17),(3,4),(7,24)","[(7, 33), (2, 17), (3, 4), (5, 6), (7, 24)]"
ref,00068.png,"(2,17),(3,4),(5,6),(7,33),(2,17),(3,4),(7,24)","[(7, 33), (2, 17), (3, 4), (5, 6), (7, 24)]"
ref,00068.png,"(2,17),(3,4),(5,6),(7,33),(2,17),(3,4),(7,24)","[(7, 33), (2, 17), (3, 4), (5, 6), (7, 24)]"
ref,00069.png,"(3,4),(5,24),(5,25),(6,30),(7,3),(7,11),(3,2),(5,24),(5,25),(6,3),(7,11),(3,4),(5,14),(5,24),(5,25),(6,3),(7,2)","[(3, 4), (5, 24), (5, 14), (6, 30), (7, 3), (6, 3), (7, 2), (5, 25), (3, 2), (7, 11)]"
ref,00069.png,"(3,4),(5,24),(5,25),(6,30),(7,3),(7,11),(3,2),(5,24),(5,25),(6,3),(7,11),(3,4),(5,14),(5,24),(5,25),(6,3),(7,2)","[(3, 4), (5, 24), (5, 14), (6, 30), (7, 3), (6, 3), (7, 2), (5, 25), (3, 2), (7, 11)]"
ref,00069.png,"(3,4),(5,24),(5,25),(6,30),(7,3),(7,11),(3,2),(5,24),(5,25),(6,3),(7,11),(3,4),(5,14),(5,24),(5,25),(6,3),(7,2)","[(3, 4), (5, 24), (5, 14), (6, 30), (7, 3), (6, 3), (7, 2), (5, 25), (3, 2), (7, 11)]"
ref,00069.png,"(3,4),(5,24),(5,25),(6,30),(7,3),(7,11),(3,2),(5,24),(5,25),(6,3),(7,11),(3,4),(5,14),(5,24),(5,25),(6,3),(7,2)","[(3, 4), (5, 24), (5, 14), (6, 30), (7, 3), (6, 3), (7, 2), (5, 25), (3, 2), (7, 11)]"
ref,00070.png,"(2,2),(3,3),(3,4),(3,5),(3,19),(4,3),(5,5),(5,6),(5,12),(7,2),(3,5),(3,4),(3,5),(3,7),(3,23),(4,3),(5,5),(5,7),(7,2)","[(5, 5), (3, 4), (4, 3), (3, 23), (3, 7), (5, 7), (3, 19), (3, 3), (5, 6), (7, 2), (2, 2), (5, 12), (3, 5)]"
ref,00071.png,"(2,8),(3,4),(3,7),(6,25),(7,9),(2,8),(5,3),(8,2),(2,8),(3,5),(5,14),(6,25),(7,2)","[(3, 4), (5, 14), (3, 7), (7, 9), (7, 2), (5, 3), (8, 2), (6, 25), (3, 5), (2, 8)]"
ref,00071.png,"(2,8),(3,4),(3,7),(6,25),(7,9),(2,8),(5,3),(8,2),(2,8),(3,5),(5,14),(6,25),(7,2)","[(3, 4), (5, 14), (3, 7), (7, 9), (7, 2), (5, 3), (8, 2), (6, 25), (3, 5), (2, 8)]"
ref,00072.png,"(3,42),(3,42),(3,42)","[(3, 42)]"
ref,00073.png,"(3,2),(3,4),(3,25),(3,53),(3,29),(3,2),(3,4),(3,25),(3,53)","[(3, 53), (3, 4), (3, 29), (3, 25), (3, 2)]"
ref,00073.png,"(3,2),(3,4),(3,25),(3,53),(3,29),(3,2),(3,4),(3,25),(3,53)","[(3, 53), (3, 4), (3, 29), (3, 25), (3, 2)]"
ref,00074.png,"(3,4),(3,7),(3,37),(5,2),(7,2),(3,4),(3,37),(3,4),(3,7),(3,37),(5,2),(7,2)","[(3, 4), (3, 7), (7, 2), (3, 37), (5, 2)]"
ref,00077.png,"(3,4),(3,5),(7,2),(7,11),(3,4),(3,5),(5,2),(5,14),(7,33)","[(7, 33), (3, 4), (5, 14), (7, 2), (7, 11), (3, 5), (5, 2)]"
ref,00078.png,"(8,2),(8,2),(8,2)","[(8, 2)]"
ref,00079.png,"(2,13),(2,18),(2,20),(3,32),(6,9),(7,2),(7,3),(2,17),(3,32)","[(2, 17), (2, 20), (2, 13), (7, 3), (3, 32), (2, 18), (7, 2), (6, 9)]"
ref,00079.png,"(2,13),(2,18),(2,20),(3,32),(6,9),(7,2),(7,3),(2,17),(3,32)","[(2, 17), (2, 20), (2, 13), (7, 3), (3, 32), (2, 18), (7, 2), (6, 9)]"
ref,00082.png,"(3,41),(8,3),(8,5),(3,41),(8,3),(8,5),(3,41),(8,3),(8,5)","[(3, 41), (8, 3), (8, 5)]"
ref,00083.png,"(2,36),(3,5),(3,6),(2,36),(3,5),(3,6),(2,36),(3,2),(3,5),(3,6)","[(3, 2), (3, 6), (3, 5), (2, 36)]"
ref,00088.png,"(2,8),(2,22),(3,18),(5,2),(5,3),(5,8),(2,8),(2,22),(3,18),(5,3),(5,14),(2,8),(2,22),(3,18),(5,2),(5,3)","[(2, 8), (5, 8), (5, 14), (2, 22), (5, 3), (3, 18), (5, 2)]"
ref,00088.png,"(2,8),(2,22),(3,18),(5,2),(5,3),(5,8),(2,8),(2,22),(3,18),(5,3),(5,14),(2,8),(2,22),(3,18),(5,2),(5,3)","[(2, 8), (5, 8), (5, 14), (2, 22), (5, 3), (3, 18), (5, 2)]"
ref,00863.png,"(2,8),(2,9),(3,2),(3,3),(3,4),(5,3),(5,13),(2,8),(2,9),(3,2),(3,3),(3,4),(5,3),(5,13),(2,8),(2,9),(5,3),(5,13),(8,6)","[(3, 4), (5, 13), (2, 9), (3, 3), (8, 6), (5, 3), (3, 2), (2, 8)]"
ref,00863.png,"(2,8),(2,9),(3,2),(3,3),(3,4),(5,3),(5,13),(2,8),(2,9),(3,2),(3,3),(3,4),(5,3),(5,13),(2,8),(2,9),(5,3),(5,13),(8,6)","[(3, 4), (5, 13), (2, 9), (3, 3), (8, 6), (5, 3), (3, 2), (2, 8)]"
ref,01039.png,"(3,6),(3,8),(3,13),(5,3),(5,4),(5,6),(3,6),(3,8),(3,6),(3,8),(3,13),(5,3),(5,4),(5,6)","[(3, 8), (5, 4), (3, 13), (5, 6), (3, 6), (5, 3)]"
ref,01040.png,"(3,9),(3,41),(3,5),(3,41),(3,5),(3,9),(3,41)","[(3, 41), (3, 9), (3, 5)]"
ref,01040.png,"(3,9),(3,41),(3,5),(3,41),(3,5),(3,9),(3,41)","[(3, 41), (3, 9), (3, 5)]"
ref,01041.png,"(3,50),(7,2),(7,6),(7,12),(2,4),(2,26),(3,5),(8,3),(8,5),(2,26)","[(2, 4), (2, 26), (8, 5), (8, 3), (7, 6), (7, 12), (7, 2), (3, 5), (3, 50)]"
ref,01041.png,"(3,50),(7,2),(7,6),(7,12),(2,4),(2,26),(3,5),(8,3),(8,5),(2,26)","[(2, 4), (2, 26), (8, 5), (8, 3), (7, 6), (7, 12), (7, 2), (3, 5), (3, 50)]"
ref,01041.png,"(3,50),(7,2),(7,6),(7,12),(2,4),(2,26),(3,5),(8,3),(8,5),(2,26)","[(2, 4), (2, 26), (8, 5), (8, 3), (7, 6), (7, 12), (7, 2), (3, 5), (3, 50)]"
ref,01041.png,"(3,50),(7,2),(7,6),(7,12),(2,4),(2,26),(3,5),(8,3),(8,5),(2,26)","[(2, 4), (2, 26), (8, 5), (8, 3), (7, 6), (7, 12), (7, 2), (3, 5), (3, 50)]"
ref,01041.png,"(3,50),(7,2),(7,6),(7,12),(2,4),(2,26),(3,5),(8,3),(8,5),(2,26)","[(2, 4), (2, 26), (8, 5), (8, 3), (7, 6), (7, 12), (7, 2), (3, 5), (3, 50)]"
ref,01042.png,"(3,5),(3,9),(3,53),(7,11),(7,12),(3,5),(3,9),(3,53),(7,2),(8,2),(8,3),(8,5),(3,5),(3,53)","[(3, 53), (8, 3), (3, 9), (7, 12), (7, 2), (8, 2), (7, 11), (8, 5), (3, 5)]"
ref,01042.png,"(3,5),(3,9),(3,53),(7,11),(7,12),(3,5),(3,9),(3,53),(7,2),(8,2),(8,3),(8,5),(3,5),(3,53)","[(3, 53), (8, 3), (3, 9), (7, 12), (7, 2), (8, 2), (7, 11), (8, 5), (3, 5)]"
ref,01044.png,"(2,8),(3,2),(3,3),(5,2),(5,3),(5,10),(3,28),(5,1),(8,2),(2,8),(3,2),(5,3),(5,1)","[(2, 8), (5, 1), (5, 10), (3, 3), (3, 28), (5, 3), (8, 2), (3, 2), (5, 2)]"
ref,01044.png,"(2,8),(3,2),(3,3),(5,2),(5,3),(5,10),(3,28),(5,1),(8,2),(2,8),(3,2),(5,3),(5,1)","[(2, 8), (5, 1), (5, 10), (3, 3), (3, 28), (5, 3), (8, 2), (3, 2), (5, 2)]"
ref,01044.png,"(2,8),(3,2),(3,3),(5,2),(5,3),(5,10),(3,28),(5,1),(8,2),(2,8),(3,2),(5,3),(5,1)","[(2, 8), (5, 1), (5, 10), (3, 3), (3, 28), (5, 3), (8, 2), (3, 2), (5, 2)]"
ref,01044.png,"(2,8),(3,2),(3,3),(5,2),(5,3),(5,10),(3,28),(5,1),(8,2),(2,8),(3,2),(5,3),(5,1)","[(2, 8), (5, 1), (5, 10), (3, 3), (3, 28), (5, 3), (8, 2), (3, 2), (5, 2)]"
ref,01046.png,"(3,4),(3,5),(3,58),(5,3),(3,4),(3,5),(3,58),(5,3),(3,4),(3,5),(5,3),(3,58),(8,2),(8,3),(8,5)","[(3, 4), (3, 58), (8, 3), (5, 3), (8, 2), (8, 5), (3, 5)]"
ref,01047.png,"(2,18),(2,19),(7,2),(7,11),(7,12),(3,3),(3,9),(8,2),(8,3),(8,5),(2,18),(2,19),(3,3),(7,2),(7,11)","[(2, 19), (8, 3), (3, 3), (7, 12), (3, 9), (7, 2), (2, 18), (8, 2), (7, 11), (8, 5)]"
ref,01047.png,"(2,18),(2,19),(7,2),(7,11),(7,12),(3,3),(3,9),(8,2),(8,3),(8,5),(2,18),(2,19),(3,3),(7,2),(7,11)","[(2, 19), (8, 3), (3, 3), (7, 12), (3, 9), (7, 2), (2, 18), (8, 2), (7, 11), (8, 5)]"
ref,01048.png,"(2,25),(6,32),(7,20),(2,25),(6,32),(7,2)","[(7, 20), (6, 32), (7, 2), (2, 25)]"
ref,01049.png,"(3,4),(3,41),(7,12),(2,28),(3,4),(3,5),(3,41),(8,2),(3,4),(3,5),(3,9),(3,41)","[(3, 4), (7, 12), (2, 28), (3, 9), (3, 41), (3, 5), (8, 2)]"
ref,01049.png,"(3,4),(3,41),(7,12),(2,28),(3,4),(3,5),(3,41),(8,2),(3,4),(3,5),(3,9),(3,41)","[(3, 4), (7, 12), (2, 28), (3, 9), (3, 41), (3, 5), (8, 2)]"
ref,01049.png,"(3,4),(3,41),(7,12),(2,28),(3,4),(3,5),(3,41),(8,2),(3,4),(3,5),(3,9),(3,41)","[(3, 4), (7, 12), (2, 28), (3, 9), (3, 41), (3, 5), (8, 2)]"
ref,01050.png,"(3,33),(3,36),(7,2),(7,12),(7,2),(7,12),(8,2),(8,3),(8,2)","[(3, 33), (3, 36), (8, 3), (7, 12), (7, 2), (8, 2)]"
ref,01050.png,"(3,33),(3,36),(7,2),(7,12),(7,2),(7,12),(8,2),(8,3),(8,2)","[(3, 33), (3, 36), (8, 3), (7, 12), (7, 2), (8, 2)]"
ref,01050.png,"(3,33),(3,36),(7,2),(7,12),(7,2),(7,12),(8,2),(8,3),(8,2)","[(3, 33), (3, 36), (8, 3), (7, 12), (7, 2), (8, 2)]"
ref,01050.png,"(3,33),(3,36),(7,2),(7,12),(8,2),(8,3),(8,2)","[(3, 33), (3, 36), (8, 3), (7, 12), (7, 2), (8, 2)]"
ref,01052.png,"(3,1),(3,4),(8,3),(8,5),(3,1),(3,4),(3,1),(3,4)","[(3, 1), (8, 3), (3, 4), (8, 5)]"
ref,01052.png,"(3,1),(3,4),(8,3),(8,5),(3,1),(3,4),(3,1),(3,4)","[(3, 1), (8, 3), (3, 4), (8, 5)]"
ref,01052.png,"(3,1),(3,4),(8,3),(8,5),(3,1),(3,4),(3,1),(3,4)","[(3, 1), (8, 3), (3, 4), (8, 5)]"
ref,01053.png,"(3,5),(3,9),(3,41),(7,15),(7,17),(2,27),(3,5),(3,9),(3,41),(8,5),(3,5),(3,41),(7,12),(7,17)","[(2, 27), (7, 17), (3, 9), (7, 12), (7, 15), (3, 41), (8, 5), (3, 5)]"
ref,01053.png,"(3,5),(3,9),(3,41),(7,15),(7,17),(2,27),(3,5),(3,9),(3,41),(8,5),(3,5),(3,41),(7,12),(7,17)","[(2, 27), (7, 17), (3, 9), (7, 12), (7, 15), (3, 41), (8, 5), (3, 5)]"
ref,01053.png,"(3,5),(3,9),(3,41),(7,15),(7,17),(2,27),(3,5),(3,9),(3,41),(8,5),(3,5),(3,41),(7,12),(7,17)","[(2, 27), (7, 17), (3, 9), (7, 12), (7, 15), (3, 41), (8, 5), (3, 5)]"
ref,01053.png,"(3,5),(3,9),(3,41),(7,15),(7,17),(2,27),(3,5),(3,9),(3,41),(8,5),(3,5),(3,41),(7,12),(7,17)","[(2, 27), (7, 17), (3, 9), (7, 12), (7, 15), (3, 41), (8, 5), (3, 5)]"
ref,01055.png,"(2,10),(3,5),(5,2),(5,11),(6,32),(3,5),(8,2),(8,3),(8,5),(3,4)","[(5, 11), (3, 4), (2, 10), (8, 3), (6, 32), (8, 2), (8, 5), (3, 5), (5, 2)]"
ref,01055.png,"(2,10),(3,5),(5,2),(5,11),(6,32),(3,5),(8,2),(8,3),(8,5),(3,4)","[(5, 11), (3, 4), (2, 10), (8, 3), (6, 32), (8, 2), (8, 5), (3, 5), (5, 2)]"
ref,01055.png,"(2,10),(3,5),(5,2),(5,11),(6,32),(3,5),(8,2),(8,3),(8,5),(3,4)","[(5, 11), (3, 4), (2, 10), (8, 3), (6, 32), (8, 2), (8, 5), (3, 5), (5, 2)]"
ref,01055.png,"(2,10),(3,5),(5,2),(5,11),(6,32),(3,5),(8,2),(8,3),(8,5),(3,4)","[(5, 11), (3, 4), (2, 10), (8, 3), (6, 32), (8, 2), (8, 5), (3, 5), (5, 2)]"
ref,01055.png,"(2,10),(3,5),(5,2),(5,11),(6,32),(3,5),(8,2),(8,3),(8,5),(3,4)","[(5, 11), (3, 4), (2, 10), (8, 3), (6, 32), (8, 2), (8, 5), (3, 5), (5, 2)]"
ref,01055.png,"(2,10),(3,5),(5,2),(5,11),(6,32),(3,5),(8,2),(8,3),(8,5),(3,4)","[(5, 11), (3, 4), (2, 10), (8, 3), (6, 32), (8, 2), (8, 5), (3, 5), (5, 2)]"
ref,01056.png,"(3,5),(3,33),(5,3),(8,4),(5,3),(7,6),(8,4),(3,5),(7,12)","[(8, 4), (3, 33), (7, 6), (7, 12), (5, 3), (3, 5)]"
ref,01057.png,"(2,36),(3,28),(5,3),(8,3),(3,28),(8,3),(3,28),(8,5)","[(2, 36), (8, 3), (3, 28), (5, 3), (8, 5)]"
ref,01058.png,"(3,15),(3,71),(3,15),(3,71),(3,15),(3,71),(3,28)","[(3, 15), (3, 71), (3, 28)]"
ref,01058.png,"(3,15),(3,71),(3,15),(3,71),(3,15),(3,71),(3,28)","[(3, 15), (3, 71), (3, 28)]"
ref,01059.png,"(5,2),(5,4),(7,25),(5,4),(5,4),(7,25)","[(5, 4), (7, 25), (5, 2)]"
ref,01059.png,"(5,2),(5,4),(7,25),(5,4),(5,4),(7,25)","[(5, 4), (7, 25), (5, 2)]"
ref,01059.png,"(5,2),(5,4),(7,25),(5,4),(5,4),(7,25)","[(5, 4), (7, 25), (5, 2)]"
ref,01059.png,"(5,2),(5,4),(7,25),(5,4),(5,4),(7,25)","[(5, 4), (7, 25), (5, 2)]"
ref,01060.png,"(3,4),(3,28),(3,41),(5,4),(5,6),(7,3),(7,20),(3,4),(3,28),(3,41),(5,4),(5,6),(7,3),(3,5),(3,7),(3,28),(3,41)","[(3, 4), (7, 20), (3, 7), (5, 4), (7, 3), (5, 6), (3, 28), (3, 41), (3, 5)]"
ref,01060.png,"(3,4),(3,28),(3,41),(5,4),(5,6),(7,3),(7,20),(3,4),(3,28),(3,41),(5,4),(5,6),(7,3),(3,5),(3,7),(3,28),(3,41)","[(3, 4), (7, 20), (3, 7), (5, 4), (7, 3), (5, 6), (3, 28), (3, 41), (3, 5)]"
ref,01060.png,"(3,4),(3,28),(3,41),(5,4),(5,6),(7,3),(7,20),(3,4),(3,28),(3,41),(5,4),(5,6),(7,3),(3,5),(3,7),(3,28),(3,41)","[(3, 4), (7, 20), (3, 7), (5, 4), (7, 3), (5, 6), (3, 28), (3, 41), (3, 5)]"
ref,01061.png,"(3,29),(3,30),(3,29),(3,3),(3,29),(3,3)","[(3, 29), (3, 30), (3, 3)]"
ref,01062.png,"(2,51),(3,4),(3,41),(2,51),(3,4),(3,6),(3,41),(7,11),(8,3),(8,5),(2,51),(3,4),(3,6),(3,41)","[(3, 4), (8, 3), (2, 51), (3, 6), (3, 41), (7, 11), (8, 5)]"
ref,01063.png,"(2,18),(3,11),(7,2),(2,18),(3,11),(7,2),(7,2)","[(7, 2), (2, 18), (3, 11)]"
ref,01064.png,"(2,14),(3,6),(3,10),(3,53),(6,11),(2,14),(6,11),(7,2),(3,47),(8,3)","[(2, 14), (3, 53), (6, 11), (3, 10), (8, 3), (7, 2), (3, 6), (3, 47)]"
ref,01064.png,"(2,14),(3,6),(3,10),(3,53),(6,11),(2,14),(6,11),(7,2),(3,47),(8,3)","[(2, 14), (3, 53), (6, 11), (3, 10), (8, 3), (7, 2), (3, 6), (3, 47)]"
ref,01064.png,"(2,14),(3,6),(3,10),(3,53),(6,11),(2,14),(6,11),(7,2),(3,47),(8,3)","[(2, 14), (3, 53), (6, 11), (3, 10), (8, 3), (7, 2), (3, 6), (3, 47)]"
ref,01065.png,"(3,4),(3,28),(3,32),(3,50),(4,2),(4,11),(5,2),(3,28),(7,4),(5,8),(8,5),(3,28),(3,32),(3,5),(4,2),(4,11),(5,2)","[(7, 4), (3, 4), (5, 8), (4, 2), (3, 5), (3, 32), (3, 28), (4, 11), (8, 5), (3, 50), (5, 2)]"
ref,01066.png,"(3,1),(3,41),(3,5),(3,6),(5,15),(8,3),(3,1),(3,41),(3,6)","[(5, 15), (3, 1), (8, 3), (3, 6), (3, 41), (3, 5)]"
ref,01066.png,"(3,1),(3,41),(3,5),(3,6),(5,15),(8,3),(3,1),(3,41),(3,6)","[(5, 15), (3, 1), (8, 3), (3, 6), (3, 41), (3, 5)]"
ref,01067.png,"(3,5),(5,4),(7,3),(7,12),(3,5),(5,6),(5,8),(4,11),(7,12),(8,4)","[(8, 4), (5, 8), (5, 4), (7, 3), (7, 12), (5, 6), (4, 11), (3, 5)]"
ref,01068.png,"(3,4),(3,40),(3,41),(3,4),(3,4),(3,41),(8,5),(3,4),(3,4),(3,41)","[(3, 40), (3, 41), (3, 4), (8, 5)]"
ref,01068.png,"(3,4),(3,40),(3,41),(3,4),(3,4),(3,41),(8,5),(3,4),(3,4),(3,41)","[(3, 40), (3, 41), (3, 4), (8, 5)]"
ref,01069.png,"(3,4),(3,41),(5,6),(7,11),(3,4),(3,16),(3,41),(8,3),(3,2),(3,6),(3,41)","[(3, 4), (3, 16), (8, 3), (5, 6), (3, 6), (3, 41), (3, 2), (7, 11)]"
ref,01070.png,"(7,2),(7,12),(5,3)","[(5, 3), (7, 12), (7, 2)]"
ref,01071.png,"(2,18),(7,2),(2,18),(7,2),(2,18),(7,2),(8,3),(8,5)","[(7, 2), (8, 3), (8, 5), (2, 18)]"
ref,01071.png,"(2,18),(7,2),(2,18),(7,2),(2,18),(7,2),(8,3),(8,5)","[(7, 2), (8, 3), (8, 5), (2, 18)]"
ref,01071.png,"(2,18),(7,2),(2,18),(7,2),(2,18),(7,2),(8,3),(8,5)","[(7, 2), (8, 3), (8, 5), (2, 18)]"
ref,01071.png,"(2,18),(7,2),(2,18),(7,2),(2,18),(7,2),(8,3),(8,5)","[(7, 2), (8, 3), (8, 5), (2, 18)]"
ref,01072.png,"(2,31),(3,4),(2,31),(3,4),(8,4),(8,5),(3,4),(2,31),(8,5)","[(2, 31), (8, 4), (3, 4), (8, 5)]"
ref,01072.png,"(2,31),(3,4),(2,31),(3,4),(8,4),(8,5),(3,4),(2,31),(8,5)","[(2, 31), (8, 4), (3, 4), (8, 5)]"
ref,01073.png,"(3,4),(3,5),(3,6),(3,32),(5,4),(5,9),(7,12),(3,5),(3,32),(3,15),(3,25),(3,28),(3,32),(5,9)","[(3, 4), (5, 4), (3, 25), (3, 32), (7, 12), (3, 6), (3, 28), (5, 9), (3, 15), (3, 5)]"
ref,01074.png,"(3,4),(3,15),(3,41),(7,3),(3,4),(3,41),(8,2),(8,5),(3,4),(3,41),(8,5)","[(3, 4), (7, 3), (3, 41), (3, 15), (8, 5), (8, 2)]"
ref,01075.png,"(2,8),(5,2),(5,4),(7,9),(2,8),(5,2),(5,3),(5,4),(5,7),(2,8),(5,2),(5,7),(7,9)","[(2, 8), (5, 4), (5, 7), (7, 9), (5, 3), (5, 2)]"
ref,01076.png,"(2,13),(7,12),(6,10),(6,1),(8,2),(8,3),(8,5),(2,13),(6,1)","[(6, 1), (2, 13), (8, 3), (7, 12), (6, 10), (8, 2), (8, 5)]"
ref,01077.png,"(3,5),(3,41),(7,11),(3,16),(3,41),(5,3),(3,41),(8,2),(8,3),(8,5)","[(3, 16), (8, 3), (5, 3), (3, 41), (7, 11), (8, 5), (3, 5), (8, 2)]"
ref,01078.png,"(3,25),(3,30),(5,3),(7,2),(7,6),(3,3),(5,3),(7,6),(3,25),(3,3),(5,3),(7,2),(7,6)","[(3, 30), (3, 25), (7, 6), (3, 3), (7, 2), (5, 3)]"
ref,01079.png,"(3,4),(3,32),(7,11),(7,12),(3,1),(3,53),(7,11),(7,12),(8,2),(8,3),(8,5),(2,7),(3,6),(3,1)","[(3, 53), (3, 4), (2, 7), (3, 1), (8, 3), (3, 32), (7, 12), (3, 6), (8, 2), (7, 11), (8, 5)]"
ref,01080.png,"(2,8),(3,3),(3,5),(3,60),(5,3),(5,6),(3,3),(3,4),(5,6),(8,3),(8,5)","[(3, 4), (8, 3), (3, 3), (5, 6), (5, 3), (3, 60), (8, 5), (3, 5), (2, 8)]"
ref,01080.png,"(2,8),(3,3),(3,5),(3,60),(5,3),(5,6),(3,3),(3,4),(5,6),(8,3),(8,5)","[(3, 4), (8, 3), (3, 3), (5, 6), (5, 3), (3, 60), (8, 5), (3, 5), (2, 8)]"
ref,01080.png,"(2,8),(3,3),(3,5),(3,60),(5,3),(5,6),(3,3),(3,4),(5,6),(8,3),(8,5)","[(3, 4), (8, 3), (3, 3), (5, 6), (5, 3), (3, 60), (8, 5), (3, 5), (2, 8)]"
ref,01080.png,"(2,8),(3,3),(3,5),(3,60),(5,3),(5,6),(3,3),(3,4),(5,6),(8,3),(8,5)","[(3, 4), (8, 3), (3, 3), (5, 6), (5, 3), (3, 60), (8, 5), (3, 5), (2, 8)]"
ref,01081.png,"(3,4),(5,3),(5,4),(5,7),(3,4),(5,3),(5,4),(5,7),(3,5)","[(3, 4), (5, 4), (5, 7), (5, 3), (3, 5)]"
ref,01082.png,"(3,4),(3,5),(3,6),(3,9),(3,42),(3,6),(3,42),(8,3),(8,5),(3,5),(3,6),(3,42),(3,9)","[(3, 4), (3, 42), (8, 3), (3, 9), (3, 6), (8, 5), (3, 5)]"
ref,01082.png,"(3,4),(3,5),(3,6),(3,9),(3,42),(3,6),(3,42),(8,3),(8,5),(3,5),(3,6),(3,42),(3,9)","[(3, 4), (3, 42), (8, 3), (3, 9), (3, 6), (8, 5), (3, 5)]"
ref,01083.png,"(8,5),(8,5),(8,5)","[(8, 5)]"
ref,01084.png,"(3,2),(5,3),(5,4),(5,5),(5,8),(4,3),(6,8),(8,5),(5,3),(5,4),(5,7),(5,8),(7,1),(7,2)","[(5, 5), (7, 1), (5, 8), (4, 3), (5, 4), (6, 8), (5, 7), (7, 2), (5, 3), (3, 2), (8, 5)]"
ref,01085.png,"(3,5),(3,9),(3,51),(5,3),(5,4),(3,5),(3,9),(3,51),(5,3),(5,4)","[(5, 4), (3, 9), (3, 51), (5, 3), (3, 5)]"
ref,01085.png,"(3,5),(3,9),(3,51),(5,3),(5,4),(3,5),(3,9),(3,51),(5,3),(5,4)","[(5, 4), (3, 9), (3, 51), (5, 3), (3, 5)]"
ref,01086.png,"(2,8),(3,6),(4,6),(4,14),(5,2),(5,3),(5,4),(5,5),(5,7),(2,8),(3,6),(5,2),(5,4),(5,5),(5,8)","[(5, 5), (2, 8), (5, 8), (5, 4), (4, 6), (5, 7), (3, 6), (4, 14), (5, 3), (5, 2)]"
ref,01087.png,"(2,18),(3,1),(3,5),(3,6),(7,2),(2,18),(7,2),(8,2),(8,3),(8,5),(2,18),(3,1),(3,5),(3,6),(7,2)","[(3, 1), (8, 3), (3, 6), (7, 2), (2, 18), (8, 2), (8, 5), (3, 5)]"
ref,01087.png,"(2,18),(3,1),(3,5),(3,6),(7,2),(2,18),(7,2),(8,2),(8,3),(8,5),(2,18),(3,1),(3,5),(3,6),(7,2)","[(3, 1), (8, 3), (3, 6), (7, 2), (2, 18), (8, 2), (8, 5), (3, 5)]"
ref,01088.png,"(3,4),(3,53),(5,3),(7,12),(3,53),(5,3),(3,53),(5,3)","[(5, 3), (3, 53), (7, 12), (3, 4)]"
ref,01088.png,"(3,4),(3,53),(5,3),(7,12),(3,53),(5,3),(3,53),(5,3)","[(5, 3), (3, 53), (7, 12), (3, 4)]"
ref,01089.png,"(2,6),(3,2),(3,5),(3,6),(3,41),(3,41),(8,3),(2,6),(3,5),(3,6),(3,41)","[(8, 3), (2, 6), (3, 6), (3, 41), (3, 2), (3, 5)]"
ref,01090.png,"(2,2),(4,3),(4,5),(4,6),(2,2),(4,3),(4,6)","[(4, 3), (4, 5), (4, 6), (2, 2)]"
ref,01091.png,"(3,5),(7,1),(3,5),(5,5),(5,7),(7,1),(8,3),(8,5),(3,5),(7,12)","[(5, 5), (7, 1), (5, 7), (8, 3), (7, 12), (8, 5), (3, 5)]"
ref,01094.png,"(2,41),(2,42),(6,2),(6,10),(2,41),(2,42),(6,2),(6,1),(2,41),(2,42),(6,2),(6,1)","[(6, 2), (2, 42), (6, 1), (6, 10), (2, 41)]"
ref,01095.png,"(2,10),(3,2),(3,3),(5,2),(5,10),(3,28),(4,14),(2,1),(3,2),(3,3),(5,2),(5,1)","[(2, 1), (2, 10), (5, 1), (4, 14), (5, 10), (3, 3), (3, 28), (3, 2), (5, 2)]"
ref,01096.png,"(3,9),(3,10),(8,2),(8,3),(3,9),(3,1),(3,53)","[(3, 53), (3, 1), (3, 10), (8, 3), (3, 9), (8, 2)]"
ref,01096.png,"(3,9),(3,10),(8,2),(8,3),(3,9),(3,1),(3,53)","[(3, 53), (3, 1), (3, 10), (8, 3), (3, 9), (8, 2)]"
ref,01101.png,"(2,11),(3,28),(3,28),(2,11),(3,25),(3,28)","[(3, 25), (2, 11), (3, 28)]"
